,username,description,location,following,followers,totaltweets,retweetcount,text,hashtags
0,chidambara09,Be happy  Be healthy Be smile Be cool Be good human,Mysore  and  BERLIN,14,7751,1201584,1,"#FoxNews #president, hosts reportedly exposed the #coronavirus  https://t.co/vEDtLnMeLr

#bigdata 
#AI #IoT #Tech #Data #USA #Linux #UK #javaScript #FinTech #dataScience #dataScientist #WomenWhoCode #Rstats #FemTech #100daysOfCode #FRENCHtech #France #digitalTransformation 
#WEb","['FoxNews', 'president', 'coronavirus', 'bigdata', 'AI', 'IoT', 'Tech', 'Data']"
1,techbot_01,Just a bot created to help developers written in #Python by @akm_nitrkl,,7,17,1182,22,"Full Stack..
#reactjs #React #javascript #100DaysOfCode #CodeNewbie #CodeNewbies  #programming #DEVCommunity #Developer #Python3  #DeveloperStudentClubs #100DaysOfMLCode #Python #Nodejs #Serverless #womenwhocode #cybersecurity #java https://t.co/pmyAdR4Dra","['reactjs', 'React', 'javascript', '100DaysOfCode', 'CodeNewbie', 'CodeNewbies', 'programming', 'DEVCommunity']"
2,nlognbot,"Hi, I'm a bot that retweets #100daysofcode     
                 
P.S. I was created by @NlognHQ follow them.",Server,3,4442,365473,5,"Day (34/100)* of Dart programming

Program: To declare the temperature according the degree celsius.

#100dayschallenge #dart #day34 #codinglife #programmers #100daysofcode #programming #algorithms #engineering #datastructures #softwareengineer #flutterdev #thetechgirlgita https://t.co/namfVB3FRy",[]
3,Women_who_code,24 üß¨ ~ Javascript ‚ù§Ô∏è ~ Mern Stack Developer ~ Next JS ü¶Ñ ~ @nytimes ~ Books üìö + coffee ‚òï,bootcamp,25,809,104682,5,"Day (34/100)* of Dart programming

Program: To declare the temperature according the degree celsius.

#100dayschallenge #dart #day34 #codinglife #programmers #100daysofcode #programming #algorithms #engineering #datastructures #softwareengineer #flutterdev #thetechgirlgita https://t.co/namfVB3FRy",[]
4,chidambara09,Be happy  Be healthy Be smile Be cool Be good human,Mysore  and  BERLIN,14,7751,1201584,1,"#FoxNews #president, hosts reportedly exposed the #coronavirus  https://t.co/vEDtLnMeLr

#bigdata 
#AI #IoT #Tech #Data #USA #Linux #UK #javaScript #FinTech #dataScience #dataScientist #WomenWhoCode #Rstats #FemTech #100daysOfCode #FRENCHtech #France #digitalTransformation 
#WEb","['FoxNews', 'president', 'coronavirus', 'bigdata', 'AI', 'IoT', 'Tech', 'Data', 'USA', 'Linux', 'UK', 'javaScript', 'FinTech', 'dataScience', 'dataScientist', 'WomenWhoCode', 'Rstats', 'FemTech', '100daysOfCode', 'FRENCHtech', 'France', 'digitalTransformation', 'WEb']"
5,techbot_01,Just a bot created to help developers written in #Python by @akm_nitrkl,,7,17,1182,3,"Day (34/100)* of Dart programming

Program: To declare the temperature according the degree celsius.

#100dayschallenge #dart #day34 #codinglife #programmers #100daysofcode #programming #algorithms #engineering #datastructures #softwareengineer #flutterdev #thetechgirlgita https://t.co/namfVB3FRy",[]
6,CoderNotesBot,"RT bot for #60DaysOfUdacity #30Days30Sites #100DaysOfCode #301DaysOfCode
Written in #nodejs using #twit. By @shahidcodes",codeanywhere.com,63,7407,683185,10,"Understanding TypeScript - 2020 Edition Courses -&gt; https://t.co/YjWgrcYY8F

#100DaysOfCode #webdevelopment #javascript #PHP  #Angular #bootstrap #React #vuejs #Laravel #NodeJs #html #CSS #WordPress #Redux #Django #Python #Vuex #udemy #udemycoupon #udemyfree","['100DaysOfCode', 'webdevelopment', 'javascript']"
7,Women_who_code,24 üß¨ ~ Javascript ‚ù§Ô∏è ~ Mern Stack Developer ~ Next JS ü¶Ñ ~ @nytimes ~ Books üìö + coffee ‚òï,bootcamp,25,809,104682,7,"My 31st day of #100DaysOfCode Challenge...
#Day31

Its been a month since I started my #100DaysOfCode challenge. Thanks to @Bjoysijo for suggesting the challenge

- Learning something more from the basics of Node.js
- Intro to Express, Express Generator &amp; Handlebars

:D","['100DaysOfCode', 'Day31', '100DaysOfCode']"
8,nlognbot,"Hi, I'm a bot that retweets #100daysofcode     
                 
P.S. I was created by @NlognHQ follow them.",Server,3,4442,365473,7,"My 31st day of #100DaysOfCode Challenge...
#Day31

Its been a month since I started my #100DaysOfCode challenge. Thanks to @Bjoysijo for suggesting the challenge

- Learning something more from the basics of Node.js
- Intro to Express, Express Generator &amp; Handlebars

:D","['100DaysOfCode', 'Day31', '100DaysOfCode']"
9,techbot_01,Just a bot created to help developers written in #Python by @akm_nitrkl,,7,17,1182,7,"My 31st day of #100DaysOfCode Challenge...
#Day31

Its been a month since I started my #100DaysOfCode challenge. Thanks to @Bjoysijo for suggesting the challenge

- Learning something more from the basics of Node.js
- Intro to Express, Express Generator &amp; Handlebars

:D","['100DaysOfCode', 'Day31', '100DaysOfCode']"
10,CodeGnuts,Just a bot helping coders show their progress. Automation built in #NodeJs by @AdamSpiceOnline. #100DaysOfCode,,0,2858,424058,7,wait groups and go routines with Golang ü§Ø  #100DaysOfCode #golang https://t.co/tH0q4uzxsa,"['100DaysOfCode', 'golang']"
11,coder_487,A bot helping coders and designers by showcasing their creation and progress.,,0,297,38941,6,"$ITOX an unknown #startup with $1 potential at 1 cent?üí∏üìà‚úà https://t.co/nmWlu1Q0zK

#IoT #IIoT #RStats #JavaScript #ReactJS #GoLang #CloudComputing #Serverless #technology #Programming #Coding #100DaysofCode #cybersecurity #selfdrivingcars #DigitalTransformation #DevOps #webdev","['startup', 'IoT', 'IIoT', 'RStats', 'JavaScript', 'ReactJS']"
12,techbot_01,Just a bot created to help developers written in #Python by @akm_nitrkl,,7,17,1182,6,I have found the answer to all the debugging problems from my lab this morning. Is it making sure paths are correct and versions are up to date? No. Its Babs. #WomenWhoCode #reactJS #100DaysOfCode #CodeNewbie https://t.co/DDkN85GaxN,[]
13,coder_487,A bot helping coders and designers by showcasing their creation and progress.,,0,297,38941,12,"Day 8/100

Finished with Making our Website Responsive section from CSS The Complete Guide course from @academind_real.

#100DaysOfCode #100DaysOfX #CodeNewbie #freeCodeCamp #javascript #learning #webdeveloper #CodeHabit365 #HTML #CSS",[]
14,coder_487,A bot helping coders and designers by showcasing their creation and progress.,,0,297,38941,3,"In our next #Kubernetes session Michael will be taking us through monitoring!

We'll be LIVE across all of our channels ü§ó 

Look forward to learning with you!üöÄ
#100DaysOfCode #100DaysOfCloud 

üéôÔ∏è @TheNJDevOpsGuy 
‚è∞5PM UTC 
üìÖMON 19th October
üé´ https://t.co/mWqouJdcn1",['Kubernetes']
15,coder_487,A bot helping coders and designers by showcasing their creation and progress.,,0,297,38941,6,"Frosted Glass Effect

video: https://t.co/95vOfgSLSX

#bootstrap #html #css #javascript #FrontEnd #design #website #webdev #rwd #responsive #UI #tutorials #web #animation #jQuery #plugin #CodeGoals #codingisfun #100DaysOfCode #javascript #webdev https://t.co/LeWutEU0ps","['bootstrap', 'html', 'css', 'javascript', 'FrontEnd', 'design', 'website', 'webdev']"
16,coder_487,A bot helping coders and designers by showcasing their creation and progress.,,0,297,38941,6,"Frosted Glass Effect

video: https://t.co/95vOfgSLSX

#bootstrap #html #css #javascript #FrontEnd #design #website #webdev #rwd #responsive #UI #tutorials #web #animation #jQuery #plugin #CodeGoals #codingisfun #100DaysOfCode #javascript #webdev https://t.co/LeWutEU0ps","['bootstrap', 'html', 'css', 'javascript', 'FrontEnd', 'design', 'website', 'webdev']"
17,coder_487,A bot helping coders and designers by showcasing their creation and progress.,,0,297,38941,14,"Day 4Ô∏è‚É£ 6Ô∏è‚É£ of #100DaysOfCode 
I reviewed some of #Javascript concepts and continue where I left off","['100DaysOfCode', 'Javascript']"
18,coder_487,A bot helping coders and designers by showcasing their creation and progress.,,0,297,38941,5,"@VivianFrancos @KirkDBorne @DanielAKeane10 @Fabriciosx @gp_pulipaka @the404code @reachcsrini @ume_kyd @kellylewis5587 @fajar17 #DATAMiNiNG via NOdeXL @nodexl 

Ty
@VivianFrancos 
&amp; Everyone

#bigdata 
#AI #IoT #Tech #Data #USA #Linux #UK #javaScript #FinTech #dataScience #dataScientist #WomenWhoCode #Rstats #FemTech #100daysOfCode #FRENCHtech #France #digitalTransformationüçÅ",[]
19,coder_487,A bot helping coders and designers by showcasing their creation and progress.,,0,297,38941,7,wait groups and go routines with Golang ü§Ø  #100DaysOfCode #golang https://t.co/tH0q4uzxsa,"['100DaysOfCode', 'golang']"
20,coder_487,A bot helping coders and designers by showcasing their creation and progress.,,0,297,38941,7,wait groups and go routines with Golang ü§Ø  #100DaysOfCode #golang https://t.co/tH0q4uzxsa,"['100DaysOfCode', 'golang']"
21,coder_487,A bot helping coders and designers by showcasing their creation and progress.,,0,297,38941,6,"Day 62 of #100DaysOfCode Another small feature üßÆ is taking shape üß± for my little podcast website.
‚úÖ Added a search input with autocomplete and basic css animations.
üî≤ Make back-end's answer dynamicüë∑

#100daysofcodechallenge #javascript #buildinpublic https://t.co/Ocrt8KADNB",['100DaysOfCode']
22,coder_487,A bot helping coders and designers by showcasing their creation and progress.,,0,297,38941,15,"üì£ Hey #JavaScript Devs! Can you solve this?

üí¨ Post your answer: https://t.co/duM41iQyMa

#100DaysOfCode #CodeNewbie #DEVCommunity #Techdegree https://t.co/LyhBjuysPe","['JavaScript', '100DaysOfCode', 'CodeNewbie']"
23,coder_487,A bot helping coders and designers by showcasing their creation and progress.,,0,297,38941,12,"https://t.co/cq65sAFDHC

#PPOM #Fancy #Cropper allows customers to #upload images and crop before sending to the #cart #Admin can set #options
#javascript #100DaysOfCode #webdevelopment #CodeNewbie #codinglife #Coding #programming #programmer  #flutter #FullStack #DEVCommunity https://t.co/DhK8xS8s2M","['PPOM', 'Fancy', 'Cropper', 'upload', 'cart', 'Admin']"
24,the404code,I'm a bot. Follow me to get updates on the latest tech blogs and tech trends #the404code | Creator: @nitinmanocha16,,3,484,24425,9,"From #devops to #mlops

#DataScientist #ArtificialIntelligence #5G #analytics #MachineLearning #BigData #IoT #RStats #JavaScript #CloudComputing #Serverless #technology #engineering #Programming #Coding #robotics #100DaysofCode #selfdrivingcars #cybersecurity #CodeNewbies #Linux https://t.co/GLq4Uw9zJi","['devops', 'mlops', 'DataScientist', 'ArtificialIntelligence', '5G', 'analytics', 'MachineLearning', 'BigData', 'IoT', 'RStats']"
25,_codenewbiebot,Beep boop. I am a bot created by https://t.co/i0ytpsE5Sj to support code newbies.,,9,851,88377,10,"Day 16 of #100DaysOfSwiftUI ‚úÖ
The first of the first project in the course! Finally I can attach my Xcode screenshot instead of a random image from internet ü§† Theory only today, real development and implementation starts tomorrow ü•≥

@SwiftLang
#100DaysOfCode #Swift #SwiftUI https://t.co/PUCQMhO86D",['100DaysOfSwiftUI']
26,Vi77P,Dad | Husband | Full Stack Developer | Xbox Gamer | Geek | Gadget addict | #fullstack #dotnetcore #aspnetcore  #programming #XboxOneX,"North Holland, The Netherlands",815,138,386,10,"Day 16 of #100DaysOfSwiftUI ‚úÖ
The first of the first project in the course! Finally I can attach my Xcode screenshot instead of a random image from internet ü§† Theory only today, real development and implementation starts tomorrow ü•≥

@SwiftLang
#100DaysOfCode #Swift #SwiftUI https://t.co/PUCQMhO86D",['100DaysOfSwiftUI']
27,femtech_,"I'm a friendly bot retweeting female developers, engineers, scientists and their stories. #girlswhocode #womenintech  #womeninstem
Made by @frankanka","Berlin, Deutschland",2,16099,852484,41,"artificial intelligence,data science,machine and deep learning in python
--
Link :https://t.co/YiqJ7d80yM
--
#Python #Machinelearning #100DaysOfCode #IoT #100DaysOfMLCode #flutter #javascript #Serverless #womenwhocode #cybersecurity #RStats #CodeNewbie #DataScience #DEVCommunity https://t.co/iD4C6hwFfm",['Python']
28,nlognbot,"Hi, I'm a bot that retweets #100daysofcode     
                 
P.S. I was created by @NlognHQ follow them.",Server,3,4442,365473,41,"artificial intelligence,data science,machine and deep learning in python
--
Link :https://t.co/YiqJ7d80yM
--
#Python #Machinelearning #100DaysOfCode #IoT #100DaysOfMLCode #flutter #javascript #Serverless #womenwhocode #cybersecurity #RStats #CodeNewbie #DataScience #DEVCommunity https://t.co/iD4C6hwFfm",['Python']
29,Women_who_code,24 üß¨ ~ Javascript ‚ù§Ô∏è ~ Mern Stack Developer ~ Next JS ü¶Ñ ~ @nytimes ~ Books üìö + coffee ‚òï,bootcamp,25,809,104682,41,"artificial intelligence,data science,machine and deep learning in python
--
Link :https://t.co/YiqJ7d80yM
--
#Python #Machinelearning #100DaysOfCode #IoT #100DaysOfMLCode #flutter #javascript #Serverless #womenwhocode #cybersecurity #RStats #CodeNewbie #DataScience #DEVCommunity https://t.co/iD4C6hwFfm",['Python']
30,techbot_01,Just a bot created to help developers written in #Python by @akm_nitrkl,,7,17,1183,9,"From #devops to #mlops

#DataScientist #ArtificialIntelligence #5G #analytics #MachineLearning #BigData #IoT #RStats #JavaScript #CloudComputing #Serverless #technology #engineering #Programming #Coding #robotics #100DaysofCode #selfdrivingcars #cybersecurity #CodeNewbies #Linux https://t.co/GLq4Uw9zJi","['devops', 'mlops', 'DataScientist', 'ArtificialIntelligence', '5G', 'analytics', 'MachineLearning', 'BigData', 'IoT', 'RStats']"
31,Cloud_CIO_,"CloudCIO a vendor agnostic, independent, Digital Transformation & IT Security consultancy.  Transforming Businesses Securely.","London, England",500,613,22078,41,"artificial intelligence,data science,machine and deep learning in python
--
Link :https://t.co/YiqJ7d80yM
--
#Python #Machinelearning #100DaysOfCode #IoT #100DaysOfMLCode #flutter #javascript #Serverless #womenwhocode #cybersecurity #RStats #CodeNewbie #DataScience #DEVCommunity https://t.co/iD4C6hwFfm",['Python']
32,techbot_01,Just a bot created to help developers written in #Python by @akm_nitrkl,,7,17,1183,10,"Day 16 of #100DaysOfSwiftUI ‚úÖ
The first of the first project in the course! Finally I can attach my Xcode screenshot instead of a random image from internet ü§† Theory only today, real development and implementation starts tomorrow ü•≥

@SwiftLang
#100DaysOfCode #Swift #SwiftUI https://t.co/PUCQMhO86D",['100DaysOfSwiftUI']
33,techbot_01,Just a bot created to help developers written in #Python by @akm_nitrkl,,7,17,1183,25,"There are currently two ways to load &amp; #update #firmware on #Hexabitz modulesüåüüß©
Check out this articleüîéhttps://t.co/RrZTSV11mx
#PCB #coding #makers #Linux #wearables #IoT #3D #AI #edtech #hardware #3Dprinting #100DaysOfCode #embedded #STMicroelectronics @ST_World @Hacksterio https://t.co/BP5UBzS8Wc","['update', 'firmware', 'Hexabitz']"
34,nlognbot,"Hi, I'm a bot that retweets #100daysofcode     
                 
P.S. I was created by @NlognHQ follow them.",Server,3,4442,365473,2,"My latest blog on 5 modern practices that you should know.
#100DaysOfCode #javascript #DevCommunity https://t.co/FnkfhDaL0x","['100DaysOfCode', 'javascript', 'DevCommunity']"
35,Women_who_code,24 üß¨ ~ Javascript ‚ù§Ô∏è ~ Mern Stack Developer ~ Next JS ü¶Ñ ~ @nytimes ~ Books üìö + coffee ‚òï,bootcamp,25,809,104682,2,"My latest blog on 5 modern practices that you should know.
#100DaysOfCode #javascript #DevCommunity https://t.co/FnkfhDaL0x","['100DaysOfCode', 'javascript', 'DevCommunity']"
36,AnuragKanoria11,"Amateur Full Stack Web dev üöÄ
Introvert üí≠ Blogger ‚úçÔ∏è
Homo sapien,living on Earthüôã
Merch link: https://t.co/qdVg0EdgCU ||
MERN,MEVN,Flutter developer üì±üë®‚Äçüíª",India,238,123,1368,2,"My latest blog on 5 modern practices that you should know.
#100DaysOfCode #javascript #DevCommunity https://t.co/FnkfhDaL0x","['100DaysOfCode', 'javascript', 'DevCommunity']"
37,CoderNotesBot,"RT bot for #60DaysOfUdacity #30Days30Sites #100DaysOfCode #301DaysOfCode
Written in #nodejs using #twit. By @shahidcodes",codeanywhere.com,63,7407,683185,2,"#100DaysOfCode
Day 35
Continuing with the game of Pong, today I programmed the players to move by pressing the keys on the keyboard; just like the ball moves from place https://t.co/iBqSm9rGDu",['100DaysOfCode']
38,techbot_01,Just a bot created to help developers written in #Python by @akm_nitrkl,,7,17,1183,1,"I can say that by developing @chooseyourplantüå± I've learnedüëá:
- How to do market research, SEO plan, and keyword research based on behavior
- More #UX
- How to analyze metrics with @googleanalytics
- Create a backend from scratch
- and more!

#100DaysOfCode #reactjs #javascript https://t.co/3kUvutSR4O",[]
39,arinze_xavier,"MAN Uüî¥ 



Cool Calm Gravy ‚Ä¢
Software Developer ‚Ä¢
In love with Pythonüêç‚Ä¢




Believe ‚Ä¢","London, England",1096,643,11100,7,wait groups and go routines with Golang ü§Ø  #100DaysOfCode #golang https://t.co/tH0q4uzxsa,"['100DaysOfCode', 'golang']"
40,_codenewbiebot,Beep boop. I am a bot created by https://t.co/i0ytpsE5Sj to support code newbies.,,9,851,88378,12,"Day 8/100

Finished with Making our Website Responsive section from CSS The Complete Guide course from @academind_real.

#100DaysOfCode #100DaysOfX #CodeNewbie #freeCodeCamp #javascript #learning #webdeveloper #CodeHabit365 #HTML #CSS",[]
41,TCrossmd,#Designer #Programmer #ITIL #cheats #Leadership #Mgmt #SharePoint #selfImprovement #quotes #bigData #Design #Programming #hacker #cyberSecurity #personalTweets,Greater Detroit Area,231,862,15168,6,"Frosted Glass Effect

video: https://t.co/95vOfgSLSX

#bootstrap #html #css #javascript #FrontEnd #design #website #webdev #rwd #responsive #UI #tutorials #web #animation #jQuery #plugin #CodeGoals #codingisfun #100DaysOfCode #javascript #webdev https://t.co/LeWutEU0ps","['bootstrap', 'html', 'css', 'javascript', 'FrontEnd', 'design', 'website', 'webdev']"
42,techbot_01,Just a bot created to help developers written in #Python by @akm_nitrkl,,7,17,1183,12,"https://t.co/cq65sAFDHC

#PPOM #Fancy #Cropper allows customers to #upload images and crop before sending to the #cart #Admin can set #options
#javascript #100DaysOfCode #webdevelopment #CodeNewbie #codinglife #Coding #programming #programmer  #flutter #FullStack #DEVCommunity https://t.co/DhK8xS8s2M","['PPOM', 'Fancy', 'Cropper', 'upload', 'cart', 'Admin']"
43,coder_487,A bot helping coders and designers by showcasing their creation and progress.,,0,297,38941,10,"Day 16 of #100DaysOfSwiftUI ‚úÖ
The first of the first project in the course! Finally I can attach my Xcode screenshot instead of a random image from internet ü§† Theory only today, real development and implementation starts tomorrow ü•≥

@SwiftLang
#100DaysOfCode #Swift #SwiftUI https://t.co/PUCQMhO86D",['100DaysOfSwiftUI']
44,coder_487,A bot helping coders and designers by showcasing their creation and progress.,,0,297,38941,10,"Day 16 of #100DaysOfSwiftUI ‚úÖ
The first of the first project in the course! Finally I can attach my Xcode screenshot instead of a random image from internet ü§† Theory only today, real development and implementation starts tomorrow ü•≥

@SwiftLang
#100DaysOfCode #Swift #SwiftUI https://t.co/PUCQMhO86D",['100DaysOfSwiftUI']
45,TCrossmd,#Designer #Programmer #ITIL #cheats #Leadership #Mgmt #SharePoint #selfImprovement #quotes #bigData #Design #Programming #hacker #cyberSecurity #personalTweets,Greater Detroit Area,231,862,15168,6,"Day 62 of #100DaysOfCode Another small feature üßÆ is taking shape üß± for my little podcast website.
‚úÖ Added a search input with autocomplete and basic css animations.
üî≤ Make back-end's answer dynamicüë∑

#100daysofcodechallenge #javascript #buildinpublic https://t.co/Ocrt8KADNB",['100DaysOfCode']
46,techbot_01,Just a bot created to help developers written in #Python by @akm_nitrkl,,7,17,1183,15,"üì£ Hey #JavaScript Devs! Can you solve this?

üí¨ Post your answer: https://t.co/duM41iQyMa

#100DaysOfCode #CodeNewbie #DEVCommunity #Techdegree https://t.co/LyhBjuysPe","['JavaScript', '100DaysOfCode', 'CodeNewbie']"
47,nlognbot,"Hi, I'm a bot that retweets #100daysofcode     
                 
P.S. I was created by @NlognHQ follow them.",Server,3,4442,365473,7,wait groups and go routines with Golang ü§Ø  #100DaysOfCode #golang https://t.co/tH0q4uzxsa,"['100DaysOfCode', 'golang']"
48,Women_who_code,24 üß¨ ~ Javascript ‚ù§Ô∏è ~ Mern Stack Developer ~ Next JS ü¶Ñ ~ @nytimes ~ Books üìö + coffee ‚òï,bootcamp,25,809,104682,7,wait groups and go routines with Golang ü§Ø  #100DaysOfCode #golang https://t.co/tH0q4uzxsa,"['100DaysOfCode', 'golang']"
49,CoderNotesBot,"RT bot for #60DaysOfUdacity #30Days30Sites #100DaysOfCode #301DaysOfCode
Written in #nodejs using #twit. By @shahidcodes",codeanywhere.com,63,7407,683185,7,wait groups and go routines with Golang ü§Ø  #100DaysOfCode #golang https://t.co/tH0q4uzxsa,"['100DaysOfCode', 'golang']"
50,CoderNotesBot,"RT bot for #60DaysOfUdacity #30Days30Sites #100DaysOfCode #301DaysOfCode
Written in #nodejs using #twit. By @shahidcodes",codeanywhere.com,63,7407,683185,14,"Day 4Ô∏è‚É£ 6Ô∏è‚É£ of #100DaysOfCode 
I reviewed some of #Javascript concepts and continue where I left off","['100DaysOfCode', 'Javascript']"
51,techbot_01,Just a bot created to help developers written in #Python by @akm_nitrkl,,7,17,1183,5,"@VivianFrancos @KirkDBorne @DanielAKeane10 @Fabriciosx @gp_pulipaka @the404code @reachcsrini @ume_kyd @kellylewis5587 @fajar17 #DATAMiNiNG via NOdeXL @nodexl 

Ty
@VivianFrancos 
&amp; Everyone

#bigdata 
#AI #IoT #Tech #Data #USA #Linux #UK #javaScript #FinTech #dataScience #dataScientist #WomenWhoCode #Rstats #FemTech #100daysOfCode #FRENCHtech #France #digitalTransformationüçÅ",[]
52,nlognbot,"Hi, I'm a bot that retweets #100daysofcode     
                 
P.S. I was created by @NlognHQ follow them.",Server,3,4442,365473,6,"Frosted Glass Effect

video: https://t.co/95vOfgSLSX

#bootstrap #html #css #javascript #FrontEnd #design #website #webdev #rwd #responsive #UI #tutorials #web #animation #jQuery #plugin #CodeGoals #codingisfun #100DaysOfCode #javascript #webdev https://t.co/LeWutEU0ps","['bootstrap', 'html', 'css', 'javascript', 'FrontEnd', 'design', 'website', 'webdev']"
53,Women_who_code,24 üß¨ ~ Javascript ‚ù§Ô∏è ~ Mern Stack Developer ~ Next JS ü¶Ñ ~ @nytimes ~ Books üìö + coffee ‚òï,bootcamp,25,809,104682,6,"Frosted Glass Effect

video: https://t.co/95vOfgSLSX

#bootstrap #html #css #javascript #FrontEnd #design #website #webdev #rwd #responsive #UI #tutorials #web #animation #jQuery #plugin #CodeGoals #codingisfun #100DaysOfCode #javascript #webdev https://t.co/LeWutEU0ps","['bootstrap', 'html', 'css', 'javascript', 'FrontEnd', 'design', 'website', 'webdev']"
54,Divinector,"Divinector  Provides tutorial based on html, html5, css, css3 animation, basic jquery, jquery plugins and their implementation,web design related tips and trick",,108,400,1797,6,"Frosted Glass Effect

video: https://t.co/95vOfgSLSX

#bootstrap #html #css #javascript #FrontEnd #design #website #webdev #rwd #responsive #UI #tutorials #web #animation #jQuery #plugin #CodeGoals #codingisfun #100DaysOfCode #javascript #webdev https://t.co/LeWutEU0ps","['bootstrap', 'html', 'css', 'javascript', 'FrontEnd', 'design', 'website', 'webdev', 'rwd', 'responsive', 'UI', 'tutorials', 'web', 'animation', 'jQuery', 'plugin', 'CodeGoals', 'codingisfun', '100DaysOfCode', 'javascript', 'webdev']"
55,techbot_01,Just a bot created to help developers written in #Python by @akm_nitrkl,,7,17,1183,12,"Day 8/100

Finished with Making our Website Responsive section from CSS The Complete Guide course from @academind_real.

#100DaysOfCode #100DaysOfX #CodeNewbie #freeCodeCamp #javascript #learning #webdeveloper #CodeHabit365 #HTML #CSS",[]
56,CoderNotesBot,"RT bot for #60DaysOfUdacity #30Days30Sites #100DaysOfCode #301DaysOfCode
Written in #nodejs using #twit. By @shahidcodes",codeanywhere.com,63,7407,683185,3,"In our next #Kubernetes session Michael will be taking us through monitoring!

We'll be LIVE across all of our channels ü§ó 

Look forward to learning with you!üöÄ
#100DaysOfCode #100DaysOfCloud 

üéôÔ∏è @TheNJDevOpsGuy 
‚è∞5PM UTC 
üìÖMON 19th October
üé´ https://t.co/mWqouJdcn1",['Kubernetes']
57,_serverlessbot_,"I am a bot built with aws-lambda and the serverless platform, retweeting #serverless related stuff. ü§ñ",,3662,758,9055,21,"Do You Git ?
#reactjs #React #javascript #100DaysOfCode #CodeNewbie #CodeNewbies  #programming #DEVCommunity #Developer #Python3  #DeveloperStudentClubs #100DaysOfMLCode #Python #Nodejs #Serverless #womenwhocode #cybersecurity #java #git #github https://t.co/5voit1QMRN","['reactjs', 'React', 'javascript', '100DaysOfCode', 'CodeNewbie', 'CodeNewbies', 'programming', 'DEVCommunity']"
58,cephalopodluke2,,,4881,1594,90485,6,$ITOX #startup with $1+ potential at 1 cent https://t.co/nmWlu1Q0zK #iiot #MachineLearning #DataScience #BigData  #R #python #PyTorch #DataScientist #Spark #AI #ML #Kubernetes #IoT #100DaysOfCode #edtech #CyberSecurity #ArtificialIntelligence #blockchain https://t.co/rvBBfyjYLt,"['startup', 'iiot', 'MachineLearning', 'DataScience', 'BigData', 'R', 'python']"
59,glitchbotio,"Software Engineer | Hacker | Stock Option Swing Trader 
Instagram:  https://t.co/Mcm2rwd4Uw  https://t.co/JyMMqtsjLa
Instagram:  traders.creed  https://t.co/X3X1ZAPNAj",Intra - Dimensional,288,456,10652,0,"""In matters of style, swim with the current; in matters of principle, stand like a rock.""- Thomas Jefferson #softwareengineer #javascript #python #C++ #golang #nodejs #reactjs #stockopertor #highgrowthstocks $SPX $QQQ $RUT $VIX #canslim #100DaysOfCode","['softwareengineer', 'javascript', 'python', 'C', 'golang', 'nodejs', 'reactjs', 'stockopertor', 'highgrowthstocks', 'canslim', '100DaysOfCode']"
60,techbot_01,Just a bot created to help developers written in #Python by @akm_nitrkl,,7,17,1183,22,"A Beginner‚Äôs Guide To Docker

Docker is a platform to develop, deploy, and run applications inside containers. If you‚Äôre a current or aspiring software developer or data scientist, Docker is in your future.

Let's understand how docker works

üßµA Threadüßµ

#100DaysOfCode",[]
61,CoderNotesBot,"RT bot for #60DaysOfUdacity #30Days30Sites #100DaysOfCode #301DaysOfCode
Written in #nodejs using #twit. By @shahidcodes",codeanywhere.com,63,7407,683185,4,"13/100 

*Learned about interoperability.
*Benefits of interoperability in     blockchain
* Known about the how Aion address this issue.
#wanchain #COSMOS 

@OAN_OpenApps 
@blockchainedind 
#OpenApps   #Dapps
#100DaysOfCode 
#IndiaLearnsblockchain",[]
62,RobotProud,This robot is very proud of you and your progress. Automaton built in Ruby by @ray_codes_stuff to celebrate & motivate folks doing #100daysofcode,,1,719,149965,6,"Day 62 of #100DaysOfCode Another small feature üßÆ is taking shape üß± for my little podcast website.
‚úÖ Added a search input with autocomplete and basic css animations.
üî≤ Make back-end's answer dynamicüë∑

#100daysofcodechallenge #javascript #buildinpublic https://t.co/Ocrt8KADNB",['100DaysOfCode']
63,imkarthikn6,‚Ä¢ A KITE DANCING IN A HURRICANE ‚Ä¢üåü‚Ä¢,,501,72,701,22,"A Beginner‚Äôs Guide To Docker

Docker is a platform to develop, deploy, and run applications inside containers. If you‚Äôre a current or aspiring software developer or data scientist, Docker is in your future.

Let's understand how docker works

üßµA Threadüßµ

#100DaysOfCode",[]
64,cephalopodluke2,,,4881,1594,90485,21,"Do You Git ?
#reactjs #React #javascript #100DaysOfCode #CodeNewbie #CodeNewbies  #programming #DEVCommunity #Developer #Python3  #DeveloperStudentClubs #100DaysOfMLCode #Python #Nodejs #Serverless #womenwhocode #cybersecurity #java #git #github https://t.co/5voit1QMRN","['reactjs', 'React', 'javascript', '100DaysOfCode', 'CodeNewbie', 'CodeNewbies', 'programming', 'DEVCommunity']"
65,techbot_01,Just a bot created to help developers written in #Python by @akm_nitrkl,,7,17,1183,109,"If you look up recursion on Google this is what you get! Now that is some excellent programming humor!

#100DaysOfCode #CodeNewbie #programming https://t.co/9KPf29Id1H",['100DaysOfCode']
66,nlognbot,"Hi, I'm a bot that retweets #100daysofcode     
                 
P.S. I was created by @NlognHQ follow them.",Server,3,4442,365473,7,Day 27 of #100DaysOfCode. Yesterday I coded 3 hrs 34 mins towards my @WakaTime goal of coding 4 hrs per day. https://t.co/O900HKG6Sx #codegoal https://t.co/AbDxrIq6x9 https://t.co/jaGlcf5unS,['100DaysOfCode']
67,Women_who_code,24 üß¨ ~ Javascript ‚ù§Ô∏è ~ Mern Stack Developer ~ Next JS ü¶Ñ ~ @nytimes ~ Books üìö + coffee ‚òï,bootcamp,25,809,104682,7,Day 27 of #100DaysOfCode. Yesterday I coded 3 hrs 34 mins towards my @WakaTime goal of coding 4 hrs per day. https://t.co/O900HKG6Sx #codegoal https://t.co/AbDxrIq6x9 https://t.co/jaGlcf5unS,['100DaysOfCode']
68,techbot_01,Just a bot created to help developers written in #Python by @akm_nitrkl,,7,17,1183,21,"Do You Git ?
#reactjs #React #javascript #100DaysOfCode #CodeNewbie #CodeNewbies  #programming #DEVCommunity #Developer #Python3  #DeveloperStudentClubs #100DaysOfMLCode #Python #Nodejs #Serverless #womenwhocode #cybersecurity #java #git #github https://t.co/5voit1QMRN","['reactjs', 'React', 'javascript', '100DaysOfCode', 'CodeNewbie', 'CodeNewbies', 'programming', 'DEVCommunity']"
69,CoderNotesBot,"RT bot for #60DaysOfUdacity #30Days30Sites #100DaysOfCode #301DaysOfCode
Written in #nodejs using #twit. By @shahidcodes",codeanywhere.com,63,7407,683185,7,Day 27 of #100DaysOfCode. Yesterday I coded 3 hrs 34 mins towards my @WakaTime goal of coding 4 hrs per day. https://t.co/O900HKG6Sx #codegoal https://t.co/AbDxrIq6x9 https://t.co/jaGlcf5unS,['100DaysOfCode']
70,CoderNotesBot,"RT bot for #60DaysOfUdacity #30Days30Sites #100DaysOfCode #301DaysOfCode
Written in #nodejs using #twit. By @shahidcodes",codeanywhere.com,63,7407,683185,7,"Hey guys, check out the answer of¬†#javascript¬†#challenge¬†#136

Please Like¬†üëç, Comment¬†‚úçÔ∏è¬†&amp; Share¬†ü§ù. is really¬†üôèappreciated¬†üòé.

Check Answer With Explanation -¬†https://t.co/3gTZ5ga6uk

#jsstartup¬†#js #javascript #quiz¬†#tips¬†#tricks #100DaysOfCode #365DaysOfCode","['javascript', 'challenge']"
71,the404code,I'm a bot. Follow me to get updates on the latest tech blogs and tech trends #the404code | Creator: @nitinmanocha16,,3,484,24427,6,$ITOX #startup with $1+ potential at 1 cent https://t.co/nmWlu1Q0zK #iiot #MachineLearning #DataScience #BigData  #R #python #PyTorch #DataScientist #Spark #AI #ML #Kubernetes #IoT #100DaysOfCode #edtech #CyberSecurity #ArtificialIntelligence #blockchain https://t.co/rvBBfyjYLt,"['startup', 'iiot', 'MachineLearning', 'DataScience', 'BigData', 'R', 'python']"
72,the404code,I'm a bot. Follow me to get updates on the latest tech blogs and tech trends #the404code | Creator: @nitinmanocha16,,3,484,24427,10,"#Ruto #ConstitutionalMoment #TinaAndDunco 

@Robindamisi
Between Ruto üîÉ‚ô•Ô∏è, Raila &amp; HE Uhuru‚ô•Ô∏è, who spoke best during the #BBIReport ? 

#Politics 
#100DaysOfCode #javascript #programming #code #CodeNewbies #Linux #COVID19 #BBIReportLaunch #AI #MachineLearning #webdevelopment https://t.co/vrJJrLGcYX","['Ruto', 'ConstitutionalMoment', 'TinaAndDunco']"
73,the404code,I'm a bot. Follow me to get updates on the latest tech blogs and tech trends #the404code | Creator: @nitinmanocha16,,3,484,24427,25,"Adoption of MQTT protocol for Best practices ‚ñ∂Ô∏è
#Analytics #IoT #IIoT #IoTPL #AI #InternetofThings #Java #RStats
#reactjs #MachineLearning #5G #BigData #DataScience #cloud
#EdgeComputing #Linux #RPA
#Serverless #DigitalTransformation
#Coding #100DaysOfCode
https://t.co/qLQTFOXg6W https://t.co/fnUysO2LeY","['Analytics', 'IoT', 'IIoT', 'IoTPL', 'AI', 'InternetofThings', 'Java', 'RStats']"
74,_codenewbiebot,Beep boop. I am a bot created by https://t.co/i0ytpsE5Sj to support code newbies.,,9,851,88378,7,"That feeling when you realize there are 24 hours in a day...

...but you've just added 25 hours of tasks to your todo list

#freeCodeCamp #100DaysOfCode #DEVCommunity #WomenInTech #developers #programming #webdevelopers #SoftwareEngineering",[]
75,techbot_01,Just a bot created to help developers written in #Python by @akm_nitrkl,,7,17,1183,27,"The Transformed Future by the #5G and #AI on the #Edge!

https://t.co/PkfcgtELUb

By @CBinsights via @intellimetri @100DaysOfMLCode @HiAndy_ai

#MachineLearning #DeepLearning #DataScience #Fintech #DX #4IR #Martech #100DaysOfCode #DigitalTransformation #WomenWhoCode #HealthTech https://t.co/mABzwkVNFE","['5G', 'AI', 'Edge']"
76,100xcode,"I *only* retweet your #100DaysOfCode progress tweets. üíØ

MIT open source icons for your next app: https://t.co/quTEhK1vY8.

Follow me and @username_ZAYDEK for web dev! ‚ú®",‚ö°Ô∏è,10511,18190,495137,6,"Day 62 of #100DaysOfCode Another small feature üßÆ is taking shape üß± for my little podcast website.
‚úÖ Added a search input with autocomplete and basic css animations.
üî≤ Make back-end's answer dynamicüë∑

#100daysofcodechallenge #javascript #buildinpublic https://t.co/Ocrt8KADNB",['100DaysOfCode']
77,Women_who_code,24 üß¨ ~ Javascript ‚ù§Ô∏è ~ Mern Stack Developer ~ Next JS ü¶Ñ ~ @nytimes ~ Books üìö + coffee ‚òï,bootcamp,25,809,104683,6,"Day 62 of #100DaysOfCode Another small feature üßÆ is taking shape üß± for my little podcast website.
‚úÖ Added a search input with autocomplete and basic css animations.
üî≤ Make back-end's answer dynamicüë∑

#100daysofcodechallenge #javascript #buildinpublic https://t.co/Ocrt8KADNB",['100DaysOfCode']
78,nlognbot,"Hi, I'm a bot that retweets #100daysofcode     
                 
P.S. I was created by @NlognHQ follow them.",Server,3,4442,365474,6,"Day 62 of #100DaysOfCode Another small feature üßÆ is taking shape üß± for my little podcast website.
‚úÖ Added a search input with autocomplete and basic css animations.
üî≤ Make back-end's answer dynamicüë∑

#100daysofcodechallenge #javascript #buildinpublic https://t.co/Ocrt8KADNB",['100DaysOfCode']
79,mejutoco,"Software engineering, product, data. Prev @kayak","Berlin, Deutschland",701,143,235,6,"Day 62 of #100DaysOfCode Another small feature üßÆ is taking shape üß± for my little podcast website.
‚úÖ Added a search input with autocomplete and basic css animations.
üî≤ Make back-end's answer dynamicüë∑

#100daysofcodechallenge #javascript #buildinpublic https://t.co/Ocrt8KADNB","['100DaysOfCode', '100daysofcodechallenge', 'javascript', 'buildinpublic']"
80,techbot_01,Just a bot created to help developers written in #Python by @akm_nitrkl,,7,17,1183,15,"D12 #100DaysOfCode
Happy Monday! ‚õÖÔ∏èüí´

Created a basic #PHP dynamic list of blog posts without looking at tuts.  May not be big deal but for me, it's a tiny step forward to be better at #coding plus I ‚ô•Ô∏è experimenting, it's so much fun üòä  

#CodeNewbie #DEVCommunity #HTML #CSS https://t.co/FFWf2yMMqv","['100DaysOfCode', 'PHP']"
81,notjustadev,"SWE | @gsoc mentor and intern | @ThePSF | @eosdesignsystem |
Me = Web üêõ + UI/UX ü¶î + Blockchain ü¶ä | 
Making tech easier for people, one article at a time. |",Mars üé¥,188,141,691,0,"The only thing standing between you and your goals is the bullshit story you keep telling yourself as to why you can't achieve it.

#100DaysOfCode",['100DaysOfCode']
82,Women_who_code,24 üß¨ ~ Javascript ‚ù§Ô∏è ~ Mern Stack Developer ~ Next JS ü¶Ñ ~ @nytimes ~ Books üìö + coffee ‚òï,bootcamp,25,809,104683,11,"Day 10/100 of #100DaysOfCode 

Simple CSS Animations...

-&gt; Shapes &amp; Graphic using CSS
-&gt; Animation &amp; Keyframes properties
-&gt; Learning Bezier Curves Work

#100DaysOfCode #CodeNewbie 
#DEVCommunity #typography",['100DaysOfCode']
83,nlognbot,"Hi, I'm a bot that retweets #100daysofcode     
                 
P.S. I was created by @NlognHQ follow them.",Server,3,4442,365474,11,"Day 10/100 of #100DaysOfCode 

Simple CSS Animations...

-&gt; Shapes &amp; Graphic using CSS
-&gt; Animation &amp; Keyframes properties
-&gt; Learning Bezier Curves Work

#100DaysOfCode #CodeNewbie 
#DEVCommunity #typography",['100DaysOfCode']
84,Bitsoko,"open-source mobile services for micro, small and medium enterprises
Find us here https://t.co/mijeDrVauO",Africa,923,995,4463,178,"Top 20 Best Data Science Books You Should Read. #BigData #Analytics #DataScience #IoT #IIoT #PyTorch #Python #RStats #TensorFlow #Java #JavaScript #ReactJS #GoLang #CloudComputing #Serverless #DataScientist #Linux #Books #Programming #Coding #100DaysofCode
https://t.co/WUQVX6orIf https://t.co/aShemDO6Oy","['BigData', 'Analytics', 'DataScience', 'IoT', 'IIoT', 'PyTorch', 'Python', 'RStats']"
85,techbot_01,Just a bot created to help developers written in #Python by @akm_nitrkl,,7,17,1183,11,"Day 10/100 of #100DaysOfCode 

Simple CSS Animations...

-&gt; Shapes &amp; Graphic using CSS
-&gt; Animation &amp; Keyframes properties
-&gt; Learning Bezier Curves Work

#100DaysOfCode #CodeNewbie 
#DEVCommunity #typography",['100DaysOfCode']
86,CoderNotesBot,"RT bot for #60DaysOfUdacity #30Days30Sites #100DaysOfCode #301DaysOfCode
Written in #nodejs using #twit. By @shahidcodes",codeanywhere.com,63,7407,683185,17,D30 #100DaysOfCode set interval with an if conditional helped achieved the intended counter increment with delay. #javascript #es6 #es7 #webdevelopment #webdeveloper #html5 #css3 #code,"['100DaysOfCode', 'javascript']"
87,TheCuriousLuke,Luke identifies himself as a: #MachineLearning #Enthusiast ü§ñ ¬¶ #Biotechnology #Student ü§ì¬†¬¶ former #Chemical #Labtechnician üë®‚Äçüî¨ ¬¶  #Human,Switzerland,260,5497,247879,25,"Adoption of MQTT protocol for Best practices ‚ñ∂Ô∏è
#Analytics #IoT #IIoT #IoTPL #AI #InternetofThings #Java #RStats
#reactjs #MachineLearning #5G #BigData #DataScience #cloud
#EdgeComputing #Linux #RPA
#Serverless #DigitalTransformation
#Coding #100DaysOfCode
https://t.co/qLQTFOXg6W https://t.co/fnUysO2LeY","['Analytics', 'IoT', 'IIoT', 'IoTPL', 'AI', 'InternetofThings', 'Java', 'RStats']"
88,techbot_01,Just a bot created to help developers written in #Python by @akm_nitrkl,,7,17,1183,25,"Adoption of MQTT protocol for Best practices ‚ñ∂Ô∏è
#Analytics #IoT #IIoT #IoTPL #AI #InternetofThings #Java #RStats
#reactjs #MachineLearning #5G #BigData #DataScience #cloud
#EdgeComputing #Linux #RPA
#Serverless #DigitalTransformation
#Coding #100DaysOfCode
https://t.co/qLQTFOXg6W https://t.co/fnUysO2LeY","['Analytics', 'IoT', 'IIoT', 'IoTPL', 'AI', 'InternetofThings', 'Java', 'RStats']"
89,AmyOh89,"I love programming and technology.  Currently on a project using #Angular, @IonicFramework, Cordova, MongoDB, and Node.js.  I also love my dog, Henry.","Austin, TX",7287,9578,12726,122,"Exploring Descriptive #Statistics Using #Pandas and #Seaborn. #BigData #Analytics #DataScience #AI #MachineLearning #IoT #IIoT #Python #RStats #JavaScript #ReactJS #CloudComputing #Serverless #DataScientist #Linux #Programming #Coding #100DaysofCode 
https://t.co/FYQQqKkUfG https://t.co/H9eFIBWMs9","['Statistics', 'Pandas', 'Seaborn', 'BigData', 'Analytics', 'DataScience', 'AI', 'MachineLearning', 'IoT']"
90,_codenewbiebot,Beep boop. I am a bot created by https://t.co/i0ytpsE5Sj to support code newbies.,,9,851,88378,6,"Day98: 
Time:3 hours
Contents: learned basics of Javascript through Udemy course.
Look-back: I am getting better understanding on  each parts of javascript  but still hard to understand how everything work together. 
#100DaysOfCode #CodeNewbies #CodeNewbie",[]
91,Women_who_code,24 üß¨ ~ Javascript ‚ù§Ô∏è ~ Mern Stack Developer ~ Next JS ü¶Ñ ~ @nytimes ~ Books üìö + coffee ‚òï,bootcamp,25,809,104683,6,"Day98: 
Time:3 hours
Contents: learned basics of Javascript through Udemy course.
Look-back: I am getting better understanding on  each parts of javascript  but still hard to understand how everything work together. 
#100DaysOfCode #CodeNewbies #CodeNewbie",[]
92,nlognbot,"Hi, I'm a bot that retweets #100daysofcode     
                 
P.S. I was created by @NlognHQ follow them.",Server,3,4442,365474,6,"Day98: 
Time:3 hours
Contents: learned basics of Javascript through Udemy course.
Look-back: I am getting better understanding on  each parts of javascript  but still hard to understand how everything work together. 
#100DaysOfCode #CodeNewbies #CodeNewbie",[]
93,techbot_01,Just a bot created to help developers written in #Python by @akm_nitrkl,,7,17,1184,11,"good morning

There is no age limit, no special skill, no specific requirement to start learning to code. 

Just start somewhere.

#BlackTechTwitter 
#CodeNewbie 
#100DaysOfCode 
#learntocode",[]
94,RobotProud,This robot is very proud of you and your progress. Automaton built in Ruby by @ray_codes_stuff to celebrate & motivate folks doing #100daysofcode,,1,719,149965,6,"Day98: 
Time:3 hours
Contents: learned basics of Javascript through Udemy course.
Look-back: I am getting better understanding on  each parts of javascript  but still hard to understand how everything work together. 
#100DaysOfCode #CodeNewbies #CodeNewbie",[]
95,techbot_01,Just a bot created to help developers written in #Python by @akm_nitrkl,,7,17,1184,7,"That feeling when you realize there are 24 hours in a day...

...but you've just added 25 hours of tasks to your todo list

#freeCodeCamp #100DaysOfCode #DEVCommunity #WomenInTech #developers #programming #webdevelopers #SoftwareEngineering",[]
96,Women_who_code,24 üß¨ ~ Javascript ‚ù§Ô∏è ~ Mern Stack Developer ~ Next JS ü¶Ñ ~ @nytimes ~ Books üìö + coffee ‚òï,bootcamp,25,809,104683,4,I think I'm going to try #100DaysOfCode again... But I want part of it to be focused on Devops and infrastructure management. Perhaps there is a better hashtag or challenge for this?,['100DaysOfCode']
97,nlognbot,"Hi, I'm a bot that retweets #100daysofcode     
                 
P.S. I was created by @NlognHQ follow them.",Server,3,4442,365474,4,I think I'm going to try #100DaysOfCode again... But I want part of it to be focused on Devops and infrastructure management. Perhaps there is a better hashtag or challenge for this?,['100DaysOfCode']
98,techbot_01,Just a bot created to help developers written in #Python by @akm_nitrkl,,7,17,1184,4,I think I'm going to try #100DaysOfCode again... But I want part of it to be focused on Devops and infrastructure management. Perhaps there is a better hashtag or challenge for this?,['100DaysOfCode']
99,RobotProud,This robot is very proud of you and your progress. Automaton built in Ruby by @ray_codes_stuff to celebrate & motivate folks doing #100daysofcode,,1,719,149965,2,"Days 4Ô∏è‚É£3Ô∏è‚É£-4Ô∏è‚É£5Ô∏è‚É£ of #100DaysOfCode :
- Learned some #TypeScript basics.
- I never managed to learn how to test my code and by the end of the #reactjs course I realized how important it is testing your code so I started a #jest course, hopefully I'll finish it by the end of the day https://t.co/cgaaKV15r2","['100DaysOfCode', 'TypeScript']"
